Kernel,Accuracy
Linear,0.98753339269813
RBF,0.7577916295636687
Poly,0.7577916295636687
Sigmoid,0.6384683882457702
