Kernel,Accuracy
Linear,1.0
RBF,0.5364620938628158
Poly,0.5689530685920577
Sigmoid,0.5061371841155234
